model,Fref,c4,b4,n,RMSE,R2,AIC
All,1.1718502566572824,31.200549873941934,0.033161998640844584,0.2645550713928282,0.33448081501644145,0.6923095750086398,-2175.7804560075965
NonPulse,1.6727725442292785,-13.528335674959083,0.02647355502312124,0.13698339494931686,0.39358006346279517,0.5739723966925914,-4139.111950393006
Pulse,0.7827901655504618,22.78398436372679,0.043128432317726284,0.5499199042446802,0.3819118833328511,0.5988582177113213,-2462.071854484351
ThresholdSwitch,NA,NA,NA,NA,0.315659973102041,0.725962127966638,NA
